{"cameraMode":{"drawMode":0,"name":"Shaded","section":"Shading Mode"},"sceneLighting":true,"audioPlay":false,"sceneViewState":{"m_AlwaysRefresh":false,"showFog":true,"showSkybox":true,"showFlares":true,"showImageEffects":true,"showParticleSystems":true,"showVisualEffectGraphs":true,"m_FxEnabled":true},"in2DMode":false,"pivot":{"x":-1.592573881149292,"y":8.691864967346192,"z":-10.57435417175293},"rotation":{"x":0.23906248807907105,"y":0.0014547733590006829,"z":-0.00035942636895924807,"w":0.9710171222686768},"size":2.414412021636963,"orthographic":false}